{
  "project_info": {
    "project_number": "205719537661",
    "firebase_url": "https://power-management-system-9b546-default-rtdb.asia-southeast1.firebasedatabase.app",
    "project_id": "power-management-system-9b546",
    "storage_bucket": "power-management-system-9b546.appspot.com"
  },
  "client": [
    {
      "client_info": {
        "mobilesdk_app_id": "1:205719537661:android:60009197ea78e9a9f33b94",
        "android_client_info": {
          "package_name": "com.scoringapp.powersystem"
        }
      },
      "oauth_client": [],
      "api_key": [
        {
          "current_key": "AIzaSyBg7so8nBM9_DcuaAiuMcvAcAlsZDuUrbs"
        }
      ],
      "services": {
        "appinvite_service": {
          "other_platform_oauth_client": []
        }
      }
    }
  ],
  "configuration_version": "1"
}